{"cameraMode":{"drawMode":0,"name":"Shaded","section":"Shading Mode"},"sceneLighting":true,"audioPlay":false,"sceneViewState":{"showFog":true,"showMaterialUpdate":false,"showSkybox":true,"showFlares":true,"showImageEffects":true,"showParticleSystems":true},"in2DMode":false,"pivot":{"x":451.1924133300781,"y":-315.576416015625,"z":247.06072998046876},"rotation":{"x":-0.2429092675447464,"y":-0.4914136528968811,"z":0.14503499865531922,"w":-0.8237841725349426},"size":294.2860412597656,"orthographic":false}