{"cameraMode":{"drawMode":0,"name":"Shaded","section":"Shading Mode"},"sceneLighting":true,"audioPlay":false,"sceneViewState":{"showFog":true,"showMaterialUpdate":false,"showSkybox":true,"showFlares":true,"showImageEffects":true,"showParticleSystems":true},"in2DMode":false,"pivot":{"x":5.686968803405762,"y":-3.2464160919189455,"z":67.31327819824219},"rotation":{"x":-0.1259659379720688,"y":-0.015773257240653039,"z":0.0020258782897144558,"w":-0.9919763803482056},"size":44.484161376953128,"orthographic":false}