{"cameraMode":{"drawMode":0,"name":"Shaded","section":"Shading Mode"},"sceneLighting":false,"audioPlay":false,"sceneViewState":{"showFog":true,"showMaterialUpdate":false,"showSkybox":false,"showFlares":true,"showImageEffects":true,"showParticleSystems":true},"in2DMode":false,"pivot":{"x":0.599751889705658,"y":3.514354944229126,"z":-0.5827891230583191},"rotation":{"x":-0.0018696838524192572,"y":-0.9965567588806152,"z":0.024236343801021577,"w":-0.08029559254646301},"size":2.5578837394714357,"orthographic":false}