{"cameraMode":{"drawMode":0,"name":"Shaded","section":"Shading Mode"},"sceneLighting":true,"audioPlay":false,"sceneViewState":{"showFog":true,"showMaterialUpdate":false,"showSkybox":true,"showFlares":true,"showImageEffects":true,"showParticleSystems":true},"in2DMode":false,"pivot":{"x":4.700162887573242,"y":-56.531246185302737,"z":14.691333770751954},"rotation":{"x":-0.5921194553375244,"y":-0.04538453742861748,"z":0.03344389796257019,"w":-0.8039574027061462},"size":33.891265869140628,"orthographic":false}