{"cameraMode":{"drawMode":0,"name":"Shaded","section":"Shading Mode"},"sceneLighting":false,"audioPlay":false,"sceneViewState":{"showFog":true,"showMaterialUpdate":false,"showSkybox":false,"showFlares":true,"showImageEffects":true,"showParticleSystems":true},"in2DMode":false,"pivot":{"x":3.428093671798706,"y":-0.7081956267356873,"z":-2.8543143272399904},"rotation":{"x":0.06270241737365723,"y":-0.9057191014289856,"z":0.14411087334156037,"w":0.3937537670135498},"size":3.0273616313934328,"orthographic":false}